Program,Year,Period,Week Ending,Geo Level,State,State ANSI,Ag District,Ag District Code,County,County ANSI,Zip Code,Region,watershed_code,Watershed,Commodity,Data Item,Domain,Domain Category,Value,CV (%)
SURVEY,2022,YEAR,,STATE,KANSAS,20,,,,,,,0,,CORN,CORN - ACRES PLANTED,TOTAL,NOT SPECIFIED,"5,500,000",
SURVEY,2022,YEAR,,STATE,KANSAS,20,,,,,,,0,,CORN,"CORN, BIOTECH - AREA PLANTED, MEASURED IN PCT BY TYPE",TOTAL,NOT SPECIFIED,94,
SURVEY,2022,YEAR,,STATE,KANSAS,20,,,,,,,0,,CORN,"CORN, BIOTECH, BT - AREA PLANTED, MEASURED IN PCT BY TYPE",TOTAL,NOT SPECIFIED,4,
SURVEY,2022,YEAR,,STATE,KANSAS,20,,,,,,,0,,CORN,"CORN, BIOTECH, HERBICIDE RESISTANT - AREA PLANTED, MEASURED IN PCT BY TYPE",TOTAL,NOT SPECIFIED,12,
SURVEY,2022,YEAR,,STATE,KANSAS,20,,,,,,,0,,CORN,"CORN, BIOTECH, STACKED GENE - AREA PLANTED, MEASURED IN PCT BY TYPE",TOTAL,NOT SPECIFIED,78,
SURVEY,2022,YEAR,,STATE,KANSAS,20,,,,,,,0,,CORN,"CORN, GRAIN - ACRES HARVESTED",TOTAL,NOT SPECIFIED,"4,440,000",
SURVEY,2022,YEAR,,STATE,KANSAS,20,,,,,,,0,,CORN,"CORN, GRAIN - YIELD, MEASURED IN BU / ACRE",TOTAL,NOT SPECIFIED,115,
SURVEY,2022,YEAR,,STATE,KANSAS,20,,,,,,,0,,CORN,"CORN, SILAGE - ACRES HARVESTED",TOTAL,NOT SPECIFIED,"420,000",
SURVEY,2022,YEAR,,STATE,KANSAS,20,,,,,,,0,,CORN,"CORN, SILAGE - YIELD, MEASURED IN TONS / ACRE",TOTAL,NOT SPECIFIED,11,
SURVEY,2022,YEAR,,STATE,MISSOURI,29,,,,,,,0,,CORN,CORN - ACRES PLANTED,TOTAL,NOT SPECIFIED,"3,350,000",
SURVEY,2022,YEAR,,STATE,MISSOURI,29,,,,,,,0,,CORN,"CORN, BIOTECH - AREA PLANTED, MEASURED IN PCT BY TYPE",TOTAL,NOT SPECIFIED,96,
SURVEY,2022,YEAR,,STATE,MISSOURI,29,,,,,,,0,,CORN,"CORN, BIOTECH, BT - AREA PLANTED, MEASURED IN PCT BY TYPE",TOTAL,NOT SPECIFIED,3,
SURVEY,2022,YEAR,,STATE,MISSOURI,29,,,,,,,0,,CORN,"CORN, BIOTECH, HERBICIDE RESISTANT - AREA PLANTED, MEASURED IN PCT BY TYPE",TOTAL,NOT SPECIFIED,12,
SURVEY,2022,YEAR,,STATE,MISSOURI,29,,,,,,,0,,CORN,"CORN, BIOTECH, STACKED GENE - AREA PLANTED, MEASURED IN PCT BY TYPE",TOTAL,NOT SPECIFIED,81,
SURVEY,2022,YEAR,,STATE,MISSOURI,29,,,,,,,0,,CORN,"CORN, GRAIN - ACRES HARVESTED",TOTAL,NOT SPECIFIED,"3,120,000",
SURVEY,2022,YEAR,,STATE,MISSOURI,29,,,,,,,0,,CORN,"CORN, GRAIN - YIELD, MEASURED IN BU / ACRE",TOTAL,NOT SPECIFIED,161,
SURVEY,2022,YEAR,,STATE,MISSOURI,29,,,,,,,0,,CORN,"CORN, SILAGE - ACRES HARVESTED",TOTAL,NOT SPECIFIED,"150,000",
SURVEY,2022,YEAR,,STATE,MISSOURI,29,,,,,,,0,,CORN,"CORN, SILAGE - YIELD, MEASURED IN TONS / ACRE",TOTAL,NOT SPECIFIED,11,
SURVEY,2022,YEAR,,STATE,OHIO,39,,,,,,,0,,CORN,CORN - ACRES PLANTED,TOTAL,NOT SPECIFIED,"3,400,000",
SURVEY,2022,YEAR,,STATE,OHIO,39,,,,,,,0,,CORN,"CORN, BIOTECH - AREA PLANTED, MEASURED IN PCT BY TYPE",TOTAL,NOT SPECIFIED,91,
SURVEY,2022,YEAR,,STATE,OHIO,39,,,,,,,0,,CORN,"CORN, BIOTECH, BT - AREA PLANTED, MEASURED IN PCT BY TYPE",TOTAL,NOT SPECIFIED,1,
SURVEY,2022,YEAR,,STATE,OHIO,39,,,,,,,0,,CORN,"CORN, BIOTECH, HERBICIDE RESISTANT - AREA PLANTED, MEASURED IN PCT BY TYPE",TOTAL,NOT SPECIFIED,10,
SURVEY,2022,YEAR,,STATE,OHIO,39,,,,,,,0,,CORN,"CORN, BIOTECH, STACKED GENE - AREA PLANTED, MEASURED IN PCT BY TYPE",TOTAL,NOT SPECIFIED,80,
SURVEY,2022,YEAR,,STATE,OHIO,39,,,,,,,0,,CORN,"CORN, GRAIN - ACRES HARVESTED",TOTAL,NOT SPECIFIED,"3,180,000",
SURVEY,2022,YEAR,,STATE,OHIO,39,,,,,,,0,,CORN,"CORN, GRAIN - YIELD, MEASURED IN BU / ACRE",TOTAL,NOT SPECIFIED,187,
SURVEY,2022,YEAR,,STATE,OHIO,39,,,,,,,0,,CORN,"CORN, SILAGE - ACRES HARVESTED",TOTAL,NOT SPECIFIED,"170,000",
SURVEY,2022,YEAR,,STATE,OHIO,39,,,,,,,0,,CORN,"CORN, SILAGE - YIELD, MEASURED IN TONS / ACRE",TOTAL,NOT SPECIFIED,22,
SURVEY,2022,YEAR,,STATE,VIRGINIA,51,,,,,,,0,,CORN,CORN - ACRES PLANTED,TOTAL,NOT SPECIFIED,"450,000",
SURVEY,2022,YEAR,,STATE,VIRGINIA,51,,,,,,,0,,CORN,"CORN, GRAIN - ACRES HARVESTED",TOTAL,NOT SPECIFIED,"340,000",
SURVEY,2022,YEAR,,STATE,VIRGINIA,51,,,,,,,0,,CORN,"CORN, GRAIN - YIELD, MEASURED IN BU / ACRE",TOTAL,NOT SPECIFIED,167,
SURVEY,2022,YEAR,,STATE,VIRGINIA,51,,,,,,,0,,CORN,"CORN, SILAGE - ACRES HARVESTED",TOTAL,NOT SPECIFIED,"95,000",
SURVEY,2022,YEAR,,STATE,VIRGINIA,51,,,,,,,0,,CORN,"CORN, SILAGE - YIELD, MEASURED IN TONS / ACRE",TOTAL,NOT SPECIFIED,22,
SURVEY,2022,YEAR,,STATE,WISCONSIN,55,,,,,,,0,,CORN,CORN - ACRES PLANTED,TOTAL,NOT SPECIFIED,"3,950,000",
SURVEY,2022,YEAR,,STATE,WISCONSIN,55,,,,,,,0,,CORN,"CORN, BIOTECH - AREA PLANTED, MEASURED IN PCT BY TYPE",TOTAL,NOT SPECIFIED,91,
SURVEY,2022,YEAR,,STATE,WISCONSIN,55,,,,,,,0,,CORN,"CORN, BIOTECH, BT - AREA PLANTED, MEASURED IN PCT BY TYPE",TOTAL,NOT SPECIFIED,3,
SURVEY,2022,YEAR,,STATE,WISCONSIN,55,,,,,,,0,,CORN,"CORN, BIOTECH, HERBICIDE RESISTANT - AREA PLANTED, MEASURED IN PCT BY TYPE",TOTAL,NOT SPECIFIED,11,
SURVEY,2022,YEAR,,STATE,WISCONSIN,55,,,,,,,0,,CORN,"CORN, BIOTECH, STACKED GENE - AREA PLANTED, MEASURED IN PCT BY TYPE",TOTAL,NOT SPECIFIED,77,
SURVEY,2022,YEAR,,STATE,WISCONSIN,55,,,,,,,0,,CORN,"CORN, GRAIN - ACRES HARVESTED",TOTAL,NOT SPECIFIED,"3,030,000",
SURVEY,2022,YEAR,,STATE,WISCONSIN,55,,,,,,,0,,CORN,"CORN, GRAIN - YIELD, MEASURED IN BU / ACRE",TOTAL,NOT SPECIFIED,180,
SURVEY,2022,YEAR,,STATE,WISCONSIN,55,,,,,,,0,,CORN,"CORN, SILAGE - ACRES HARVESTED",TOTAL,NOT SPECIFIED,"880,000",
SURVEY,2022,YEAR,,STATE,WISCONSIN,55,,,,,,,0,,CORN,"CORN, SILAGE - YIELD, MEASURED IN TONS / ACRE",TOTAL,NOT SPECIFIED,22.5,
SURVEY,2021,YEAR,,STATE,KANSAS,20,,,,,,,0,,CORN,CORN - ACRES PLANTED,TOTAL,NOT SPECIFIED,"5,700,000",
SURVEY,2021,YEAR,,STATE,KANSAS,20,,,,,,,0,,CORN,"CORN, BIOTECH - AREA PLANTED, MEASURED IN PCT BY TYPE",TOTAL,NOT SPECIFIED,93,
SURVEY,2021,YEAR,,STATE,KANSAS,20,,,,,,,0,,CORN,"CORN, BIOTECH, BT - AREA PLANTED, MEASURED IN PCT BY TYPE",TOTAL,NOT SPECIFIED,1,
SURVEY,2021,YEAR,,STATE,KANSAS,20,,,,,,,0,,CORN,"CORN, BIOTECH, HERBICIDE RESISTANT - AREA PLANTED, MEASURED IN PCT BY TYPE",TOTAL,NOT SPECIFIED,8,
SURVEY,2021,YEAR,,STATE,KANSAS,20,,,,,,,0,,CORN,"CORN, BIOTECH, STACKED GENE - AREA PLANTED, MEASURED IN PCT BY TYPE",TOTAL,NOT SPECIFIED,84,
SURVEY,2021,YEAR,,STATE,KANSAS,20,,,,,,,0,,CORN,"CORN, GRAIN - ACRES HARVESTED",TOTAL,NOT SPECIFIED,"5,400,000",
SURVEY,2021,YEAR,,STATE,KANSAS,20,,,,,,,0,,CORN,"CORN, GRAIN - YIELD, MEASURED IN BU / ACRE",TOTAL,NOT SPECIFIED,139,
SURVEY,2021,YEAR,,STATE,KANSAS,20,,,,,,,0,,CORN,"CORN, SILAGE - ACRES HARVESTED",TOTAL,NOT SPECIFIED,"240,000",
SURVEY,2021,YEAR,,STATE,KANSAS,20,,,,,,,0,,CORN,"CORN, SILAGE - YIELD, MEASURED IN TONS / ACRE",TOTAL,NOT SPECIFIED,18,
SURVEY,2021,YEAR,,STATE,MISSOURI,29,,,,,,,0,,CORN,CORN - ACRES PLANTED,TOTAL,NOT SPECIFIED,"3,600,000",
SURVEY,2021,YEAR,,STATE,MISSOURI,29,,,,,,,0,,CORN,"CORN, BIOTECH - AREA PLANTED, MEASURED IN PCT BY TYPE",TOTAL,NOT SPECIFIED,91,
SURVEY,2021,YEAR,,STATE,MISSOURI,29,,,,,,,0,,CORN,"CORN, BIOTECH, BT - AREA PLANTED, MEASURED IN PCT BY TYPE",TOTAL,NOT SPECIFIED,2,
SURVEY,2021,YEAR,,STATE,MISSOURI,29,,,,,,,0,,CORN,"CORN, BIOTECH, HERBICIDE RESISTANT - AREA PLANTED, MEASURED IN PCT BY TYPE",TOTAL,NOT SPECIFIED,5,
SURVEY,2021,YEAR,,STATE,MISSOURI,29,,,,,,,0,,CORN,"CORN, BIOTECH, STACKED GENE - AREA PLANTED, MEASURED IN PCT BY TYPE",TOTAL,NOT SPECIFIED,84,
SURVEY,2021,YEAR,,STATE,MISSOURI,29,,,,,,,0,,CORN,"CORN, GRAIN - ACRES HARVESTED",TOTAL,NOT SPECIFIED,"3,430,000",
SURVEY,2021,YEAR,,STATE,MISSOURI,29,,,,,,,0,,CORN,"CORN, GRAIN - YIELD, MEASURED IN BU / ACRE",TOTAL,NOT SPECIFIED,159,
SURVEY,2021,YEAR,,STATE,MISSOURI,29,,,,,,,0,,CORN,"CORN, SILAGE - ACRES HARVESTED",TOTAL,NOT SPECIFIED,"70,000",
SURVEY,2021,YEAR,,STATE,MISSOURI,29,,,,,,,0,,CORN,"CORN, SILAGE - YIELD, MEASURED IN TONS / ACRE",TOTAL,NOT SPECIFIED,15,
SURVEY,2021,YEAR,,STATE,OHIO,39,,,,,,,0,,CORN,CORN - ACRES PLANTED,TOTAL,NOT SPECIFIED,"3,550,000",
SURVEY,2021,YEAR,,STATE,OHIO,39,,,,,,,0,,CORN,"CORN, BIOTECH - AREA PLANTED, MEASURED IN PCT BY TYPE",TOTAL,NOT SPECIFIED,89,
SURVEY,2021,YEAR,,STATE,OHIO,39,,,,,,,0,,CORN,"CORN, BIOTECH, BT - AREA PLANTED, MEASURED IN PCT BY TYPE",TOTAL,NOT SPECIFIED,5,
SURVEY,2021,YEAR,,STATE,OHIO,39,,,,,,,0,,CORN,"CORN, BIOTECH, HERBICIDE RESISTANT - AREA PLANTED, MEASURED IN PCT BY TYPE",TOTAL,NOT SPECIFIED,14,
SURVEY,2021,YEAR,,STATE,OHIO,39,,,,,,,0,,CORN,"CORN, BIOTECH, STACKED GENE - AREA PLANTED, MEASURED IN PCT BY TYPE",TOTAL,NOT SPECIFIED,70,
SURVEY,2021,YEAR,,STATE,OHIO,39,,,,,,,0,,CORN,"CORN, GRAIN - ACRES HARVESTED",TOTAL,NOT SPECIFIED,"3,340,000",
SURVEY,2021,YEAR,,STATE,OHIO,39,,,,,,,0,,CORN,"CORN, GRAIN - YIELD, MEASURED IN BU / ACRE",TOTAL,NOT SPECIFIED,193,
SURVEY,2021,YEAR,,STATE,OHIO,39,,,,,,,0,,CORN,"CORN, SILAGE - ACRES HARVESTED",TOTAL,NOT SPECIFIED,"160,000",
SURVEY,2021,YEAR,,STATE,OHIO,39,,,,,,,0,,CORN,"CORN, SILAGE - YIELD, MEASURED IN TONS / ACRE",TOTAL,NOT SPECIFIED,20,
SURVEY,2021,YEAR,,STATE,VIRGINIA,51,,,,,,,0,,CORN,CORN - ACRES PLANTED,TOTAL,NOT SPECIFIED,"510,000",
SURVEY,2021,YEAR,,STATE,VIRGINIA,51,,,,,,,0,,CORN,"CORN, GRAIN - ACRES HARVESTED",TOTAL,NOT SPECIFIED,"360,000",
SURVEY,2021,YEAR,,STATE,VIRGINIA,51,,,,,,,0,,CORN,"CORN, GRAIN - YIELD, MEASURED IN BU / ACRE",TOTAL,NOT SPECIFIED,160,
SURVEY,2021,YEAR,,STATE,VIRGINIA,51,,,,,,,0,,CORN,"CORN, SILAGE - ACRES HARVESTED",TOTAL,NOT SPECIFIED,"120,000",
SURVEY,2021,YEAR,,STATE,VIRGINIA,51,,,,,,,0,,CORN,"CORN, SILAGE - YIELD, MEASURED IN TONS / ACRE",TOTAL,NOT SPECIFIED,17,
SURVEY,2021,YEAR,,STATE,WISCONSIN,55,,,,,,,0,,CORN,CORN - ACRES PLANTED,TOTAL,NOT SPECIFIED,"3,950,000",
SURVEY,2021,YEAR,,STATE,WISCONSIN,55,,,,,,,0,,CORN,"CORN, BIOTECH - AREA PLANTED, MEASURED IN PCT BY TYPE",TOTAL,NOT SPECIFIED,91,
SURVEY,2021,YEAR,,STATE,WISCONSIN,55,,,,,,,0,,CORN,"CORN, BIOTECH, BT - AREA PLANTED, MEASURED IN PCT BY TYPE",TOTAL,NOT SPECIFIED,3,
SURVEY,2021,YEAR,,STATE,WISCONSIN,55,,,,,,,0,,CORN,"CORN, BIOTECH, HERBICIDE RESISTANT - AREA PLANTED, MEASURED IN PCT BY TYPE",TOTAL,NOT SPECIFIED,12,
SURVEY,2021,YEAR,,STATE,WISCONSIN,55,,,,,,,0,,CORN,"CORN, BIOTECH, STACKED GENE - AREA PLANTED, MEASURED IN PCT BY TYPE",TOTAL,NOT SPECIFIED,76,
SURVEY,2021,YEAR,,STATE,WISCONSIN,55,,,,,,,0,,CORN,"CORN, GRAIN - ACRES HARVESTED",TOTAL,NOT SPECIFIED,"3,000,000",
SURVEY,2021,YEAR,,STATE,WISCONSIN,55,,,,,,,0,,CORN,"CORN, GRAIN - YIELD, MEASURED IN BU / ACRE",TOTAL,NOT SPECIFIED,180,
SURVEY,2021,YEAR,,STATE,WISCONSIN,55,,,,,,,0,,CORN,"CORN, SILAGE - ACRES HARVESTED",TOTAL,NOT SPECIFIED,"880,000",
SURVEY,2021,YEAR,,STATE,WISCONSIN,55,,,,,,,0,,CORN,"CORN, SILAGE - YIELD, MEASURED IN TONS / ACRE",TOTAL,NOT SPECIFIED,21.5,
SURVEY,2020,YEAR,,STATE,KANSAS,20,,,,,,,0,,CORN,CORN - ACRES PLANTED,TOTAL,NOT SPECIFIED,"6,100,000",
SURVEY,2020,YEAR,,STATE,KANSAS,20,,,,,,,0,,CORN,"CORN, BIOTECH - AREA PLANTED, MEASURED IN PCT BY TYPE",TOTAL,NOT SPECIFIED,96,
SURVEY,2020,YEAR,,STATE,KANSAS,20,,,,,,,0,,CORN,"CORN, BIOTECH, BT - AREA PLANTED, MEASURED IN PCT BY TYPE",TOTAL,NOT SPECIFIED,4,
SURVEY,2020,YEAR,,STATE,KANSAS,20,,,,,,,0,,CORN,"CORN, BIOTECH, HERBICIDE RESISTANT - AREA PLANTED, MEASURED IN PCT BY TYPE",TOTAL,NOT SPECIFIED,11,
SURVEY,2020,YEAR,,STATE,KANSAS,20,,,,,,,0,,CORN,"CORN, BIOTECH, STACKED GENE - AREA PLANTED, MEASURED IN PCT BY TYPE",TOTAL,NOT SPECIFIED,81,
SURVEY,2020,YEAR,,STATE,KANSAS,20,,,,,,,0,,CORN,"CORN, GRAIN - ACRES HARVESTED",TOTAL,NOT SPECIFIED,"5,720,000",
SURVEY,2020,YEAR,,STATE,KANSAS,20,,,,,,,0,,CORN,"CORN, GRAIN - YIELD, MEASURED IN BU / ACRE",TOTAL,NOT SPECIFIED,134,
SURVEY,2020,YEAR,,STATE,KANSAS,20,,,,,,,0,,CORN,"CORN, SILAGE - ACRES HARVESTED",TOTAL,NOT SPECIFIED,"250,000",
SURVEY,2020,YEAR,,STATE,KANSAS,20,,,,,,,0,,CORN,"CORN, SILAGE - YIELD, MEASURED IN TONS / ACRE",TOTAL,NOT SPECIFIED,19.5,
SURVEY,2020,YEAR,,STATE,MISSOURI,29,,,,,,,0,,CORN,CORN - ACRES PLANTED,TOTAL,NOT SPECIFIED,"3,450,000",
SURVEY,2020,YEAR,,STATE,MISSOURI,29,,,,,,,0,,CORN,"CORN, BIOTECH - AREA PLANTED, MEASURED IN PCT BY TYPE",TOTAL,NOT SPECIFIED,93,
SURVEY,2020,YEAR,,STATE,MISSOURI,29,,,,,,,0,,CORN,"CORN, BIOTECH, BT - AREA PLANTED, MEASURED IN PCT BY TYPE",TOTAL,NOT SPECIFIED,2,
SURVEY,2020,YEAR,,STATE,MISSOURI,29,,,,,,,0,,CORN,"CORN, BIOTECH, HERBICIDE RESISTANT - AREA PLANTED, MEASURED IN PCT BY TYPE",TOTAL,NOT SPECIFIED,8,
SURVEY,2020,YEAR,,STATE,MISSOURI,29,,,,,,,0,,CORN,"CORN, BIOTECH, STACKED GENE - AREA PLANTED, MEASURED IN PCT BY TYPE",TOTAL,NOT SPECIFIED,83,
SURVEY,2020,YEAR,,STATE,MISSOURI,29,,,,,,,0,,CORN,"CORN, GRAIN - ACRES HARVESTED",TOTAL,NOT SPECIFIED,"3,280,000",
SURVEY,2020,YEAR,,STATE,MISSOURI,29,,,,,,,0,,CORN,"CORN, GRAIN - YIELD, MEASURED IN BU / ACRE",TOTAL,NOT SPECIFIED,171,
SURVEY,2020,YEAR,,STATE,MISSOURI,29,,,,,,,0,,CORN,"CORN, SILAGE - ACRES HARVESTED",TOTAL,NOT SPECIFIED,"100,000",
SURVEY,2020,YEAR,,STATE,MISSOURI,29,,,,,,,0,,CORN,"CORN, SILAGE - YIELD, MEASURED IN TONS / ACRE",TOTAL,NOT SPECIFIED,17,
SURVEY,2020,YEAR,,STATE,OHIO,39,,,,,,,0,,CORN,CORN - ACRES PLANTED,TOTAL,NOT SPECIFIED,"3,550,000",
SURVEY,2020,YEAR,,STATE,OHIO,39,,,,,,,0,,CORN,"CORN, BIOTECH - AREA PLANTED, MEASURED IN PCT BY TYPE",TOTAL,NOT SPECIFIED,87,
SURVEY,2020,YEAR,,STATE,OHIO,39,,,,,,,0,,CORN,"CORN, BIOTECH, BT - AREA PLANTED, MEASURED IN PCT BY TYPE",TOTAL,NOT SPECIFIED,3,
SURVEY,2020,YEAR,,STATE,OHIO,39,,,,,,,0,,CORN,"CORN, BIOTECH, HERBICIDE RESISTANT - AREA PLANTED, MEASURED IN PCT BY TYPE",TOTAL,NOT SPECIFIED,13,
SURVEY,2020,YEAR,,STATE,OHIO,39,,,,,,,0,,CORN,"CORN, BIOTECH, STACKED GENE - AREA PLANTED, MEASURED IN PCT BY TYPE",TOTAL,NOT SPECIFIED,71,
SURVEY,2020,YEAR,,STATE,OHIO,39,,,,,,,0,,CORN,"CORN, GRAIN - ACRES HARVESTED",TOTAL,NOT SPECIFIED,"3,300,000",
SURVEY,2020,YEAR,,STATE,OHIO,39,,,,,,,0,,CORN,"CORN, GRAIN - YIELD, MEASURED IN BU / ACRE",TOTAL,NOT SPECIFIED,171,
SURVEY,2020,YEAR,,STATE,OHIO,39,,,,,,,0,,CORN,"CORN, SILAGE - ACRES HARVESTED",TOTAL,NOT SPECIFIED,"200,000",
SURVEY,2020,YEAR,,STATE,OHIO,39,,,,,,,0,,CORN,"CORN, SILAGE - YIELD, MEASURED IN TONS / ACRE",TOTAL,NOT SPECIFIED,21,
SURVEY,2020,YEAR,,STATE,VIRGINIA,51,,,,,,,0,,CORN,CORN - ACRES PLANTED,TOTAL,NOT SPECIFIED,"560,000",
SURVEY,2020,YEAR,,STATE,VIRGINIA,51,,,,,,,0,,CORN,"CORN, GRAIN - ACRES HARVESTED",TOTAL,NOT SPECIFIED,"420,000",
SURVEY,2020,YEAR,,STATE,VIRGINIA,51,,,,,,,0,,CORN,"CORN, GRAIN - YIELD, MEASURED IN BU / ACRE",TOTAL,NOT SPECIFIED,122,
SURVEY,2020,YEAR,,STATE,VIRGINIA,51,,,,,,,0,,CORN,"CORN, SILAGE - ACRES HARVESTED",TOTAL,NOT SPECIFIED,"120,000",
SURVEY,2020,YEAR,,STATE,VIRGINIA,51,,,,,,,0,,CORN,"CORN, SILAGE - YIELD, MEASURED IN TONS / ACRE",TOTAL,NOT SPECIFIED,17,
SURVEY,2020,YEAR,,STATE,WISCONSIN,55,,,,,,,0,,CORN,CORN - ACRES PLANTED,TOTAL,NOT SPECIFIED,"3,950,000",
SURVEY,2020,YEAR,,STATE,WISCONSIN,55,,,,,,,0,,CORN,"CORN, BIOTECH - AREA PLANTED, MEASURED IN PCT BY TYPE",TOTAL,NOT SPECIFIED,90,
SURVEY,2020,YEAR,,STATE,WISCONSIN,55,,,,,,,0,,CORN,"CORN, BIOTECH, BT - AREA PLANTED, MEASURED IN PCT BY TYPE",TOTAL,NOT SPECIFIED,3,
SURVEY,2020,YEAR,,STATE,WISCONSIN,55,,,,,,,0,,CORN,"CORN, BIOTECH, HERBICIDE RESISTANT - AREA PLANTED, MEASURED IN PCT BY TYPE",TOTAL,NOT SPECIFIED,11,
SURVEY,2020,YEAR,,STATE,WISCONSIN,55,,,,,,,0,,CORN,"CORN, BIOTECH, STACKED GENE - AREA PLANTED, MEASURED IN PCT BY TYPE",TOTAL,NOT SPECIFIED,76,
SURVEY,2020,YEAR,,STATE,WISCONSIN,55,,,,,,,0,,CORN,"CORN, GRAIN - ACRES HARVESTED",TOTAL,NOT SPECIFIED,"2,930,000",
SURVEY,2020,YEAR,,STATE,WISCONSIN,55,,,,,,,0,,CORN,"CORN, GRAIN - YIELD, MEASURED IN BU / ACRE",TOTAL,NOT SPECIFIED,173,
SURVEY,2020,YEAR,,STATE,WISCONSIN,55,,,,,,,0,,CORN,"CORN, SILAGE - ACRES HARVESTED",TOTAL,NOT SPECIFIED,"960,000",
SURVEY,2020,YEAR,,STATE,WISCONSIN,55,,,,,,,0,,CORN,"CORN, SILAGE - YIELD, MEASURED IN TONS / ACRE",TOTAL,NOT SPECIFIED,21,
SURVEY,2019,YEAR,,STATE,KANSAS,20,,,,,,,0,,CORN,CORN - ACRES PLANTED,TOTAL,NOT SPECIFIED,"6,400,000",
SURVEY,2019,YEAR,,STATE,KANSAS,20,,,,,,,0,,CORN,"CORN, BIOTECH - AREA PLANTED, MEASURED IN PCT BY TYPE",TOTAL,NOT SPECIFIED,95,
SURVEY,2019,YEAR,,STATE,KANSAS,20,,,,,,,0,,CORN,"CORN, BIOTECH, BT - AREA PLANTED, MEASURED IN PCT BY TYPE",TOTAL,NOT SPECIFIED,1,
SURVEY,2019,YEAR,,STATE,KANSAS,20,,,,,,,0,,CORN,"CORN, BIOTECH, HERBICIDE RESISTANT - AREA PLANTED, MEASURED IN PCT BY TYPE",TOTAL,NOT SPECIFIED,12,
SURVEY,2019,YEAR,,STATE,KANSAS,20,,,,,,,0,,CORN,"CORN, BIOTECH, STACKED GENE - AREA PLANTED, MEASURED IN PCT BY TYPE",TOTAL,NOT SPECIFIED,82,
SURVEY,2019,YEAR,,STATE,KANSAS,20,,,,,,,0,,CORN,"CORN, GRAIN - ACRES HARVESTED",TOTAL,NOT SPECIFIED,"6,020,000",
SURVEY,2019,YEAR,,STATE,KANSAS,20,,,,,,,0,,CORN,"CORN, GRAIN - YIELD, MEASURED IN BU / ACRE",TOTAL,NOT SPECIFIED,133,
SURVEY,2019,YEAR,,STATE,KANSAS,20,,,,,,,0,,CORN,"CORN, SILAGE - ACRES HARVESTED",TOTAL,NOT SPECIFIED,"250,000",
SURVEY,2019,YEAR,,STATE,KANSAS,20,,,,,,,0,,CORN,"CORN, SILAGE - YIELD, MEASURED IN TONS / ACRE",TOTAL,NOT SPECIFIED,17.5,
SURVEY,2019,YEAR,,STATE,MISSOURI,29,,,,,,,0,,CORN,CORN - ACRES PLANTED,TOTAL,NOT SPECIFIED,"3,200,000",
SURVEY,2019,YEAR,,STATE,MISSOURI,29,,,,,,,0,,CORN,"CORN, BIOTECH - AREA PLANTED, MEASURED IN PCT BY TYPE",TOTAL,NOT SPECIFIED,91,
SURVEY,2019,YEAR,,STATE,MISSOURI,29,,,,,,,0,,CORN,"CORN, BIOTECH, BT - AREA PLANTED, MEASURED IN PCT BY TYPE",TOTAL,NOT SPECIFIED,2,
SURVEY,2019,YEAR,,STATE,MISSOURI,29,,,,,,,0,,CORN,"CORN, BIOTECH, HERBICIDE RESISTANT - AREA PLANTED, MEASURED IN PCT BY TYPE",TOTAL,NOT SPECIFIED,7,
SURVEY,2019,YEAR,,STATE,MISSOURI,29,,,,,,,0,,CORN,"CORN, BIOTECH, STACKED GENE - AREA PLANTED, MEASURED IN PCT BY TYPE",TOTAL,NOT SPECIFIED,82,
SURVEY,2019,YEAR,,STATE,MISSOURI,29,,,,,,,0,,CORN,"CORN, GRAIN - ACRES HARVESTED",TOTAL,NOT SPECIFIED,"2,990,000",
SURVEY,2019,YEAR,,STATE,MISSOURI,29,,,,,,,0,,CORN,"CORN, GRAIN - YIELD, MEASURED IN BU / ACRE",TOTAL,NOT SPECIFIED,155,
SURVEY,2019,YEAR,,STATE,MISSOURI,29,,,,,,,0,,CORN,"CORN, SILAGE - ACRES HARVESTED",TOTAL,NOT SPECIFIED,"70,000",
SURVEY,2019,YEAR,,STATE,MISSOURI,29,,,,,,,0,,CORN,"CORN, SILAGE - YIELD, MEASURED IN TONS / ACRE",TOTAL,NOT SPECIFIED,16,
SURVEY,2019,YEAR,,STATE,OHIO,39,,,,,,,0,,CORN,CORN - ACRES PLANTED,TOTAL,NOT SPECIFIED,"2,800,000",
SURVEY,2019,YEAR,,STATE,OHIO,39,,,,,,,0,,CORN,"CORN, BIOTECH - AREA PLANTED, MEASURED IN PCT BY TYPE",TOTAL,NOT SPECIFIED,89,
SURVEY,2019,YEAR,,STATE,OHIO,39,,,,,,,0,,CORN,"CORN, BIOTECH, BT - AREA PLANTED, MEASURED IN PCT BY TYPE",TOTAL,NOT SPECIFIED,2,
SURVEY,2019,YEAR,,STATE,OHIO,39,,,,,,,0,,CORN,"CORN, BIOTECH, HERBICIDE RESISTANT - AREA PLANTED, MEASURED IN PCT BY TYPE",TOTAL,NOT SPECIFIED,11,
SURVEY,2019,YEAR,,STATE,OHIO,39,,,,,,,0,,CORN,"CORN, BIOTECH, STACKED GENE - AREA PLANTED, MEASURED IN PCT BY TYPE",TOTAL,NOT SPECIFIED,76,
SURVEY,2019,YEAR,,STATE,OHIO,39,,,,,,,0,,CORN,"CORN, GRAIN - ACRES HARVESTED",TOTAL,NOT SPECIFIED,"2,570,000",
SURVEY,2019,YEAR,,STATE,OHIO,39,,,,,,,0,,CORN,"CORN, GRAIN - YIELD, MEASURED IN BU / ACRE",TOTAL,NOT SPECIFIED,164,
SURVEY,2019,YEAR,,STATE,OHIO,39,,,,,,,0,,CORN,"CORN, SILAGE - ACRES HARVESTED",TOTAL,NOT SPECIFIED,"170,000",
SURVEY,2019,YEAR,,STATE,OHIO,39,,,,,,,0,,CORN,"CORN, SILAGE - YIELD, MEASURED IN TONS / ACRE",TOTAL,NOT SPECIFIED,19,
SURVEY,2019,YEAR,,STATE,VIRGINIA,51,,,,,,,0,,CORN,CORN - ACRES PLANTED,TOTAL,NOT SPECIFIED,"540,000",
SURVEY,2019,YEAR,,STATE,VIRGINIA,51,,,,,,,0,,CORN,"CORN, GRAIN - ACRES HARVESTED",TOTAL,NOT SPECIFIED,"380,000",
SURVEY,2019,YEAR,,STATE,VIRGINIA,51,,,,,,,0,,CORN,"CORN, GRAIN - YIELD, MEASURED IN BU / ACRE",TOTAL,NOT SPECIFIED,144,
SURVEY,2019,YEAR,,STATE,VIRGINIA,51,,,,,,,0,,CORN,"CORN, SILAGE - ACRES HARVESTED",TOTAL,NOT SPECIFIED,"135,000",
SURVEY,2019,YEAR,,STATE,VIRGINIA,51,,,,,,,0,,CORN,"CORN, SILAGE - YIELD, MEASURED IN TONS / ACRE",TOTAL,NOT SPECIFIED,19,
SURVEY,2019,YEAR,,STATE,WISCONSIN,55,,,,,,,0,,CORN,CORN - ACRES PLANTED,TOTAL,NOT SPECIFIED,"3,800,000",
SURVEY,2019,YEAR,,STATE,WISCONSIN,55,,,,,,,0,,CORN,"CORN, BIOTECH - AREA PLANTED, MEASURED IN PCT BY TYPE",TOTAL,NOT SPECIFIED,89,
SURVEY,2019,YEAR,,STATE,WISCONSIN,55,,,,,,,0,,CORN,"CORN, BIOTECH, BT - AREA PLANTED, MEASURED IN PCT BY TYPE",TOTAL,NOT SPECIFIED,3,
SURVEY,2019,YEAR,,STATE,WISCONSIN,55,,,,,,,0,,CORN,"CORN, BIOTECH, HERBICIDE RESISTANT - AREA PLANTED, MEASURED IN PCT BY TYPE",TOTAL,NOT SPECIFIED,14,
SURVEY,2019,YEAR,,STATE,WISCONSIN,55,,,,,,,0,,CORN,"CORN, BIOTECH, STACKED GENE - AREA PLANTED, MEASURED IN PCT BY TYPE",TOTAL,NOT SPECIFIED,72,
SURVEY,2019,YEAR,,STATE,WISCONSIN,55,,,,,,,0,,CORN,"CORN, GRAIN - ACRES HARVESTED",TOTAL,NOT SPECIFIED,"2,670,000",
SURVEY,2019,YEAR,,STATE,WISCONSIN,55,,,,,,,0,,CORN,"CORN, GRAIN - YIELD, MEASURED IN BU / ACRE",TOTAL,NOT SPECIFIED,166,
SURVEY,2019,YEAR,,STATE,WISCONSIN,55,,,,,,,0,,CORN,"CORN, SILAGE - ACRES HARVESTED",TOTAL,NOT SPECIFIED,"1,040,000",
SURVEY,2019,YEAR,,STATE,WISCONSIN,55,,,,,,,0,,CORN,"CORN, SILAGE - YIELD, MEASURED IN TONS / ACRE",TOTAL,NOT SPECIFIED,17.5,
SURVEY,2018,YEAR,,STATE,KANSAS,20,,,,,,,0,,CORN,CORN - ACRES PLANTED,TOTAL,NOT SPECIFIED,"5,450,000",
SURVEY,2018,YEAR,,STATE,KANSAS,20,,,,,,,0,,CORN,"CORN, BIOTECH - AREA PLANTED, MEASURED IN PCT BY TYPE",TOTAL,NOT SPECIFIED,96,
SURVEY,2018,YEAR,,STATE,KANSAS,20,,,,,,,0,,CORN,"CORN, BIOTECH, BT - AREA PLANTED, MEASURED IN PCT BY TYPE",TOTAL,NOT SPECIFIED,2,
SURVEY,2018,YEAR,,STATE,KANSAS,20,,,,,,,0,,CORN,"CORN, BIOTECH, HERBICIDE RESISTANT - AREA PLANTED, MEASURED IN PCT BY TYPE",TOTAL,NOT SPECIFIED,10,
SURVEY,2018,YEAR,,STATE,KANSAS,20,,,,,,,0,,CORN,"CORN, BIOTECH, STACKED GENE - AREA PLANTED, MEASURED IN PCT BY TYPE",TOTAL,NOT SPECIFIED,84,
SURVEY,2018,YEAR,,STATE,KANSAS,20,,,,,,,0,,CORN,"CORN, GRAIN - ACRES HARVESTED",TOTAL,NOT SPECIFIED,"4,980,000",
SURVEY,2018,YEAR,,STATE,KANSAS,20,,,,,,,0,,CORN,"CORN, GRAIN - YIELD, MEASURED IN BU / ACRE",TOTAL,NOT SPECIFIED,129,
SURVEY,2018,YEAR,,STATE,KANSAS,20,,,,,,,0,,CORN,"CORN, GRAIN, IRRIGATED - ACRES HARVESTED",TOTAL,NOT SPECIFIED,"1,421,000",
SURVEY,2018,YEAR,,STATE,KANSAS,20,,,,,,,0,,CORN,"CORN, GRAIN, IRRIGATED - YIELD, MEASURED IN BU / ACRE",TOTAL,NOT SPECIFIED,195.4,
SURVEY,2018,YEAR,,STATE,KANSAS,20,,,,,,,0,,CORN,"CORN, GRAIN, NON-IRRIGATED - ACRES HARVESTED",TOTAL,NOT SPECIFIED,"3,559,000",
SURVEY,2018,YEAR,,STATE,KANSAS,20,,,,,,,0,,CORN,"CORN, GRAIN, NON-IRRIGATED - YIELD, MEASURED IN BU / ACRE",TOTAL,NOT SPECIFIED,102.5,
SURVEY,2018,YEAR,,STATE,KANSAS,20,,,,,,,0,,CORN,"CORN, IRRIGATED - ACRES PLANTED",TOTAL,NOT SPECIFIED,"1,568,000",
SURVEY,2018,YEAR,,STATE,KANSAS,20,,,,,,,0,,CORN,"CORN, NON-IRRIGATED - ACRES PLANTED",TOTAL,NOT SPECIFIED,"3,882,000",
SURVEY,2018,YEAR,,STATE,KANSAS,20,,,,,,,0,,CORN,"CORN, SILAGE - ACRES HARVESTED",TOTAL,NOT SPECIFIED,"390,000",
SURVEY,2018,YEAR,,STATE,KANSAS,20,,,,,,,0,,CORN,"CORN, SILAGE - YIELD, MEASURED IN TONS / ACRE",TOTAL,NOT SPECIFIED,13.5,
SURVEY,2018,YEAR,,STATE,MISSOURI,29,,,,,,,0,,CORN,CORN - ACRES PLANTED,TOTAL,NOT SPECIFIED,"3,500,000",
SURVEY,2018,YEAR,,STATE,MISSOURI,29,,,,,,,0,,CORN,"CORN, BIOTECH - AREA PLANTED, MEASURED IN PCT BY TYPE",TOTAL,NOT SPECIFIED,92,
SURVEY,2018,YEAR,,STATE,MISSOURI,29,,,,,,,0,,CORN,"CORN, BIOTECH, BT - AREA PLANTED, MEASURED IN PCT BY TYPE",TOTAL,NOT SPECIFIED,2,
SURVEY,2018,YEAR,,STATE,MISSOURI,29,,,,,,,0,,CORN,"CORN, BIOTECH, HERBICIDE RESISTANT - AREA PLANTED, MEASURED IN PCT BY TYPE",TOTAL,NOT SPECIFIED,7,
SURVEY,2018,YEAR,,STATE,MISSOURI,29,,,,,,,0,,CORN,"CORN, BIOTECH, STACKED GENE - AREA PLANTED, MEASURED IN PCT BY TYPE",TOTAL,NOT SPECIFIED,83,
SURVEY,2018,YEAR,,STATE,MISSOURI,29,,,,,,,0,,CORN,"CORN, GRAIN - ACRES HARVESTED",TOTAL,NOT SPECIFIED,"3,330,000",
SURVEY,2018,YEAR,,STATE,MISSOURI,29,,,,,,,0,,CORN,"CORN, GRAIN - YIELD, MEASURED IN BU / ACRE",TOTAL,NOT SPECIFIED,140,
SURVEY,2018,YEAR,,STATE,MISSOURI,29,,,,,,,0,,CORN,"CORN, SILAGE - ACRES HARVESTED",TOTAL,NOT SPECIFIED,"100,000",
SURVEY,2018,YEAR,,STATE,MISSOURI,29,,,,,,,0,,CORN,"CORN, SILAGE - YIELD, MEASURED IN TONS / ACRE",TOTAL,NOT SPECIFIED,13,
SURVEY,2018,YEAR,,STATE,OHIO,39,,,,,,,0,,CORN,CORN - ACRES PLANTED,TOTAL,NOT SPECIFIED,"3,500,000",
SURVEY,2018,YEAR,,STATE,OHIO,39,,,,,,,0,,CORN,"CORN, BIOTECH - AREA PLANTED, MEASURED IN PCT BY TYPE",TOTAL,NOT SPECIFIED,86,
SURVEY,2018,YEAR,,STATE,OHIO,39,,,,,,,0,,CORN,"CORN, BIOTECH, BT - AREA PLANTED, MEASURED IN PCT BY TYPE",TOTAL,NOT SPECIFIED,2,
SURVEY,2018,YEAR,,STATE,OHIO,39,,,,,,,0,,CORN,"CORN, BIOTECH, HERBICIDE RESISTANT - AREA PLANTED, MEASURED IN PCT BY TYPE",TOTAL,NOT SPECIFIED,14,
SURVEY,2018,YEAR,,STATE,OHIO,39,,,,,,,0,,CORN,"CORN, BIOTECH, STACKED GENE - AREA PLANTED, MEASURED IN PCT BY TYPE",TOTAL,NOT SPECIFIED,70,
SURVEY,2018,YEAR,,STATE,OHIO,39,,,,,,,0,,CORN,"CORN, GRAIN - ACRES HARVESTED",TOTAL,NOT SPECIFIED,"3,300,000",
SURVEY,2018,YEAR,,STATE,OHIO,39,,,,,,,0,,CORN,"CORN, GRAIN - YIELD, MEASURED IN BU / ACRE",TOTAL,NOT SPECIFIED,187,
SURVEY,2018,YEAR,,STATE,OHIO,39,,,,,,,0,,CORN,"CORN, SILAGE - ACRES HARVESTED",TOTAL,NOT SPECIFIED,"160,000",
SURVEY,2018,YEAR,,STATE,OHIO,39,,,,,,,0,,CORN,"CORN, SILAGE - YIELD, MEASURED IN TONS / ACRE",TOTAL,NOT SPECIFIED,20,
SURVEY,2018,YEAR,,STATE,VIRGINIA,51,,,,,,,0,,CORN,CORN - ACRES PLANTED,TOTAL,NOT SPECIFIED,"485,000",
SURVEY,2018,YEAR,,STATE,VIRGINIA,51,,,,,,,0,,CORN,"CORN, GRAIN - ACRES HARVESTED",TOTAL,NOT SPECIFIED,"325,000",
SURVEY,2018,YEAR,,STATE,VIRGINIA,51,,,,,,,0,,CORN,"CORN, GRAIN - YIELD, MEASURED IN BU / ACRE",TOTAL,NOT SPECIFIED,146,
SURVEY,2018,YEAR,,STATE,VIRGINIA,51,,,,,,,0,,CORN,"CORN, SILAGE - ACRES HARVESTED",TOTAL,NOT SPECIFIED,"135,000",
SURVEY,2018,YEAR,,STATE,VIRGINIA,51,,,,,,,0,,CORN,"CORN, SILAGE - YIELD, MEASURED IN TONS / ACRE",TOTAL,NOT SPECIFIED,19,
SURVEY,2018,YEAR,,STATE,WISCONSIN,55,,,,,,,0,,CORN,CORN - ACRES PLANTED,TOTAL,NOT SPECIFIED,"3,900,000",
SURVEY,2018,YEAR,,STATE,WISCONSIN,55,,,,,,,0,,CORN,"CORN, BIOTECH - AREA PLANTED, MEASURED IN PCT BY TYPE",TOTAL,NOT SPECIFIED,88,
SURVEY,2018,YEAR,,STATE,WISCONSIN,55,,,,,,,0,,CORN,"CORN, BIOTECH, BT - AREA PLANTED, MEASURED IN PCT BY TYPE",TOTAL,NOT SPECIFIED,3,
SURVEY,2018,YEAR,,STATE,WISCONSIN,55,,,,,,,0,,CORN,"CORN, BIOTECH, HERBICIDE RESISTANT - AREA PLANTED, MEASURED IN PCT BY TYPE",TOTAL,NOT SPECIFIED,13,
SURVEY,2018,YEAR,,STATE,WISCONSIN,55,,,,,,,0,,CORN,"CORN, BIOTECH, STACKED GENE - AREA PLANTED, MEASURED IN PCT BY TYPE",TOTAL,NOT SPECIFIED,72,
SURVEY,2018,YEAR,,STATE,WISCONSIN,55,,,,,,,0,,CORN,"CORN, GRAIN - ACRES HARVESTED",TOTAL,NOT SPECIFIED,"3,170,000",
SURVEY,2018,YEAR,,STATE,WISCONSIN,55,,,,,,,0,,CORN,"CORN, GRAIN - YIELD, MEASURED IN BU / ACRE",TOTAL,NOT SPECIFIED,172,
SURVEY,2018,YEAR,,STATE,WISCONSIN,55,,,,,,,0,,CORN,"CORN, SILAGE - ACRES HARVESTED",TOTAL,NOT SPECIFIED,"670,000",
SURVEY,2018,YEAR,,STATE,WISCONSIN,55,,,,,,,0,,CORN,"CORN, SILAGE - YIELD, MEASURED IN TONS / ACRE",TOTAL,NOT SPECIFIED,20,
SURVEY,2017,YEAR,,STATE,KANSAS,20,,,,,,,0,,CORN,CORN - ACRES PLANTED,TOTAL,NOT SPECIFIED,"5,500,000",
SURVEY,2017,YEAR,,STATE,KANSAS,20,,,,,,,0,,CORN,"CORN, BIOTECH - AREA PLANTED, MEASURED IN PCT BY TYPE",TOTAL,NOT SPECIFIED,95,
SURVEY,2017,YEAR,,STATE,KANSAS,20,,,,,,,0,,CORN,"CORN, BIOTECH, BT - AREA PLANTED, MEASURED IN PCT BY TYPE",TOTAL,NOT SPECIFIED,3,
SURVEY,2017,YEAR,,STATE,KANSAS,20,,,,,,,0,,CORN,"CORN, BIOTECH, HERBICIDE RESISTANT - AREA PLANTED, MEASURED IN PCT BY TYPE",TOTAL,NOT SPECIFIED,15,
SURVEY,2017,YEAR,,STATE,KANSAS,20,,,,,,,0,,CORN,"CORN, BIOTECH, STACKED GENE - AREA PLANTED, MEASURED IN PCT BY TYPE",TOTAL,NOT SPECIFIED,77,
SURVEY,2017,YEAR,,STATE,KANSAS,20,,,,,,,0,,CORN,"CORN, GRAIN - ACRES HARVESTED",TOTAL,NOT SPECIFIED,"5,200,000",
SURVEY,2017,YEAR,,STATE,KANSAS,20,,,,,,,0,,CORN,"CORN, GRAIN - YIELD, MEASURED IN BU / ACRE",TOTAL,NOT SPECIFIED,132,
SURVEY,2017,YEAR,,STATE,KANSAS,20,,,,,,,0,,CORN,"CORN, GRAIN, IRRIGATED - ACRES HARVESTED",TOTAL,NOT SPECIFIED,"1,422,000",
SURVEY,2017,YEAR,,STATE,KANSAS,20,,,,,,,0,,CORN,"CORN, GRAIN, IRRIGATED - YIELD, MEASURED IN BU / ACRE",TOTAL,NOT SPECIFIED,197.5,
SURVEY,2017,YEAR,,STATE,KANSAS,20,,,,,,,0,,CORN,"CORN, GRAIN, NON-IRRIGATED - ACRES HARVESTED",TOTAL,NOT SPECIFIED,"3,778,000",
SURVEY,2017,YEAR,,STATE,KANSAS,20,,,,,,,0,,CORN,"CORN, GRAIN, NON-IRRIGATED - YIELD, MEASURED IN BU / ACRE",TOTAL,NOT SPECIFIED,107.3,
SURVEY,2017,YEAR,,STATE,KANSAS,20,,,,,,,0,,CORN,"CORN, IRRIGATED - ACRES PLANTED",TOTAL,NOT SPECIFIED,"1,533,000",
SURVEY,2017,YEAR,,STATE,KANSAS,20,,,,,,,0,,CORN,"CORN, NON-IRRIGATED - ACRES PLANTED",TOTAL,NOT SPECIFIED,"3,967,000",
SURVEY,2017,YEAR,,STATE,KANSAS,20,,,,,,,0,,CORN,"CORN, SILAGE - ACRES HARVESTED",TOTAL,NOT SPECIFIED,"250,000",
SURVEY,2017,YEAR,,STATE,KANSAS,20,,,,,,,0,,CORN,"CORN, SILAGE - YIELD, MEASURED IN TONS / ACRE",TOTAL,NOT SPECIFIED,21.5,
SURVEY,2017,YEAR,,STATE,MISSOURI,29,,,,,,,0,,CORN,CORN - ACRES PLANTED,TOTAL,NOT SPECIFIED,"3,400,000",
SURVEY,2017,YEAR,,STATE,MISSOURI,29,,,,,,,0,,CORN,"CORN, BIOTECH - AREA PLANTED, MEASURED IN PCT BY TYPE",TOTAL,NOT SPECIFIED,91,
SURVEY,2017,YEAR,,STATE,MISSOURI,29,,,,,,,0,,CORN,"CORN, BIOTECH, BT - AREA PLANTED, MEASURED IN PCT BY TYPE",TOTAL,NOT SPECIFIED,2,
SURVEY,2017,YEAR,,STATE,MISSOURI,29,,,,,,,0,,CORN,"CORN, BIOTECH, HERBICIDE RESISTANT - AREA PLANTED, MEASURED IN PCT BY TYPE",TOTAL,NOT SPECIFIED,8,
SURVEY,2017,YEAR,,STATE,MISSOURI,29,,,,,,,0,,CORN,"CORN, BIOTECH, STACKED GENE - AREA PLANTED, MEASURED IN PCT BY TYPE",TOTAL,NOT SPECIFIED,81,
SURVEY,2017,YEAR,,STATE,MISSOURI,29,,,,,,,0,,CORN,"CORN, GRAIN - ACRES HARVESTED",TOTAL,NOT SPECIFIED,"3,250,000",
SURVEY,2017,YEAR,,STATE,MISSOURI,29,,,,,,,0,,CORN,"CORN, GRAIN - YIELD, MEASURED IN BU / ACRE",TOTAL,NOT SPECIFIED,170,
SURVEY,2017,YEAR,,STATE,MISSOURI,29,,,,,,,0,,CORN,"CORN, SILAGE - ACRES HARVESTED",TOTAL,NOT SPECIFIED,"70,000",
SURVEY,2017,YEAR,,STATE,MISSOURI,29,,,,,,,0,,CORN,"CORN, SILAGE - YIELD, MEASURED IN TONS / ACRE",TOTAL,NOT SPECIFIED,15,
SURVEY,2017,YEAR,,STATE,OHIO,39,,,,,,,0,,CORN,CORN - ACRES PLANTED,TOTAL,NOT SPECIFIED,"3,400,000",
SURVEY,2017,YEAR,,STATE,OHIO,39,,,,,,,0,,CORN,"CORN, BIOTECH - AREA PLANTED, MEASURED IN PCT BY TYPE",TOTAL,NOT SPECIFIED,82,
SURVEY,2017,YEAR,,STATE,OHIO,39,,,,,,,0,,CORN,"CORN, BIOTECH, BT - AREA PLANTED, MEASURED IN PCT BY TYPE",TOTAL,NOT SPECIFIED,2,
SURVEY,2017,YEAR,,STATE,OHIO,39,,,,,,,0,,CORN,"CORN, BIOTECH, HERBICIDE RESISTANT - AREA PLANTED, MEASURED IN PCT BY TYPE",TOTAL,NOT SPECIFIED,14,
SURVEY,2017,YEAR,,STATE,OHIO,39,,,,,,,0,,CORN,"CORN, BIOTECH, STACKED GENE - AREA PLANTED, MEASURED IN PCT BY TYPE",TOTAL,NOT SPECIFIED,66,
SURVEY,2017,YEAR,,STATE,OHIO,39,,,,,,,0,,CORN,"CORN, GRAIN - ACRES HARVESTED",TOTAL,NOT SPECIFIED,"3,150,000",
SURVEY,2017,YEAR,,STATE,OHIO,39,,,,,,,0,,CORN,"CORN, GRAIN - YIELD, MEASURED IN BU / ACRE",TOTAL,NOT SPECIFIED,177,
SURVEY,2017,YEAR,,STATE,OHIO,39,,,,,,,0,,CORN,"CORN, SILAGE - ACRES HARVESTED",TOTAL,NOT SPECIFIED,"210,000",
SURVEY,2017,YEAR,,STATE,OHIO,39,,,,,,,0,,CORN,"CORN, SILAGE - YIELD, MEASURED IN TONS / ACRE",TOTAL,NOT SPECIFIED,20,
SURVEY,2017,YEAR,,STATE,VIRGINIA,51,,,,,,,0,,CORN,CORN - ACRES PLANTED,TOTAL,NOT SPECIFIED,"500,000",
SURVEY,2017,YEAR,,STATE,VIRGINIA,51,,,,,,,0,,CORN,"CORN, GRAIN - ACRES HARVESTED",TOTAL,NOT SPECIFIED,"340,000",
SURVEY,2017,YEAR,,STATE,VIRGINIA,51,,,,,,,0,,CORN,"CORN, GRAIN - YIELD, MEASURED IN BU / ACRE",TOTAL,NOT SPECIFIED,140,
SURVEY,2017,YEAR,,STATE,VIRGINIA,51,,,,,,,0,,CORN,"CORN, SILAGE - ACRES HARVESTED",TOTAL,NOT SPECIFIED,"135,000",
SURVEY,2017,YEAR,,STATE,VIRGINIA,51,,,,,,,0,,CORN,"CORN, SILAGE - YIELD, MEASURED IN TONS / ACRE",TOTAL,NOT SPECIFIED,18,
SURVEY,2017,YEAR,,STATE,WISCONSIN,55,,,,,,,0,,CORN,CORN - ACRES PLANTED,TOTAL,NOT SPECIFIED,"3,900,000",
SURVEY,2017,YEAR,,STATE,WISCONSIN,55,,,,,,,0,,CORN,"CORN, BIOTECH - AREA PLANTED, MEASURED IN PCT BY TYPE",TOTAL,NOT SPECIFIED,87,
SURVEY,2017,YEAR,,STATE,WISCONSIN,55,,,,,,,0,,CORN,"CORN, BIOTECH, BT - AREA PLANTED, MEASURED IN PCT BY TYPE",TOTAL,NOT SPECIFIED,2,
SURVEY,2017,YEAR,,STATE,WISCONSIN,55,,,,,,,0,,CORN,"CORN, BIOTECH, HERBICIDE RESISTANT - AREA PLANTED, MEASURED IN PCT BY TYPE",TOTAL,NOT SPECIFIED,14,
SURVEY,2017,YEAR,,STATE,WISCONSIN,55,,,,,,,0,,CORN,"CORN, BIOTECH, STACKED GENE - AREA PLANTED, MEASURED IN PCT BY TYPE",TOTAL,NOT SPECIFIED,71,
SURVEY,2017,YEAR,,STATE,WISCONSIN,55,,,,,,,0,,CORN,"CORN, GRAIN - ACRES HARVESTED",TOTAL,NOT SPECIFIED,"2,930,000",
SURVEY,2017,YEAR,,STATE,WISCONSIN,55,,,,,,,0,,CORN,"CORN, GRAIN - YIELD, MEASURED IN BU / ACRE",TOTAL,NOT SPECIFIED,174,
SURVEY,2017,YEAR,,STATE,WISCONSIN,55,,,,,,,0,,CORN,"CORN, SILAGE - ACRES HARVESTED",TOTAL,NOT SPECIFIED,"880,000",
SURVEY,2017,YEAR,,STATE,WISCONSIN,55,,,,,,,0,,CORN,"CORN, SILAGE - YIELD, MEASURED IN TONS / ACRE",TOTAL,NOT SPECIFIED,19,
SURVEY,2016,YEAR,,STATE,KANSAS,20,,,,,,,0,,CORN,CORN - ACRES PLANTED,TOTAL,NOT SPECIFIED,"5,100,000",
SURVEY,2016,YEAR,,STATE,KANSAS,20,,,,,,,0,,CORN,"CORN, BIOTECH - AREA PLANTED, MEASURED IN PCT BY TYPE",TOTAL,NOT SPECIFIED,95,
SURVEY,2016,YEAR,,STATE,KANSAS,20,,,,,,,0,,CORN,"CORN, BIOTECH, BT - AREA PLANTED, MEASURED IN PCT BY TYPE",TOTAL,NOT SPECIFIED,4,
SURVEY,2016,YEAR,,STATE,KANSAS,20,,,,,,,0,,CORN,"CORN, BIOTECH, HERBICIDE RESISTANT - AREA PLANTED, MEASURED IN PCT BY TYPE",TOTAL,NOT SPECIFIED,12,
SURVEY,2016,YEAR,,STATE,KANSAS,20,,,,,,,0,,CORN,"CORN, BIOTECH, STACKED GENE - AREA PLANTED, MEASURED IN PCT BY TYPE",TOTAL,NOT SPECIFIED,79,
SURVEY,2016,YEAR,,STATE,KANSAS,20,,,,,,,0,,CORN,"CORN, GRAIN - ACRES HARVESTED",TOTAL,NOT SPECIFIED,"4,920,000",
SURVEY,2016,YEAR,,STATE,KANSAS,20,,,,,,,0,,CORN,"CORN, GRAIN - YIELD, MEASURED IN BU / ACRE",TOTAL,NOT SPECIFIED,142,
SURVEY,2016,YEAR,,STATE,KANSAS,20,,,,,,,0,,CORN,"CORN, GRAIN, IRRIGATED - ACRES HARVESTED",TOTAL,NOT SPECIFIED,"1,550,000",
SURVEY,2016,YEAR,,STATE,KANSAS,20,,,,,,,0,,CORN,"CORN, GRAIN, IRRIGATED - YIELD, MEASURED IN BU / ACRE",TOTAL,NOT SPECIFIED,189.3,
SURVEY,2016,YEAR,,STATE,KANSAS,20,,,,,,,0,,CORN,"CORN, GRAIN, NON-IRRIGATED - ACRES HARVESTED",TOTAL,NOT SPECIFIED,"3,370,000",
SURVEY,2016,YEAR,,STATE,KANSAS,20,,,,,,,0,,CORN,"CORN, GRAIN, NON-IRRIGATED - YIELD, MEASURED IN BU / ACRE",TOTAL,NOT SPECIFIED,120.3,
SURVEY,2016,YEAR,,STATE,KANSAS,20,,,,,,,0,,CORN,"CORN, IRRIGATED - ACRES PLANTED",TOTAL,NOT SPECIFIED,"1,635,000",
SURVEY,2016,YEAR,,STATE,KANSAS,20,,,,,,,0,,CORN,"CORN, NON-IRRIGATED - ACRES PLANTED",TOTAL,NOT SPECIFIED,"3,465,000",
SURVEY,2016,YEAR,,STATE,KANSAS,20,,,,,,,0,,CORN,"CORN, SILAGE - ACRES HARVESTED",TOTAL,NOT SPECIFIED,"150,000",
SURVEY,2016,YEAR,,STATE,KANSAS,20,,,,,,,0,,CORN,"CORN, SILAGE - YIELD, MEASURED IN TONS / ACRE",TOTAL,NOT SPECIFIED,19.5,
SURVEY,2016,YEAR,,STATE,MISSOURI,29,,,,,,,0,,CORN,CORN - ACRES PLANTED,TOTAL,NOT SPECIFIED,"3,650,000",
SURVEY,2016,YEAR,,STATE,MISSOURI,29,,,,,,,0,,CORN,"CORN, BIOTECH - AREA PLANTED, MEASURED IN PCT BY TYPE",TOTAL,NOT SPECIFIED,93,
SURVEY,2016,YEAR,,STATE,MISSOURI,29,,,,,,,0,,CORN,"CORN, BIOTECH, BT - AREA PLANTED, MEASURED IN PCT BY TYPE",TOTAL,NOT SPECIFIED,4,
SURVEY,2016,YEAR,,STATE,MISSOURI,29,,,,,,,0,,CORN,"CORN, BIOTECH, HERBICIDE RESISTANT - AREA PLANTED, MEASURED IN PCT BY TYPE",TOTAL,NOT SPECIFIED,8,
SURVEY,2016,YEAR,,STATE,MISSOURI,29,,,,,,,0,,CORN,"CORN, BIOTECH, STACKED GENE - AREA PLANTED, MEASURED IN PCT BY TYPE",TOTAL,NOT SPECIFIED,81,
SURVEY,2016,YEAR,,STATE,MISSOURI,29,,,,,,,0,,CORN,"CORN, GRAIN - ACRES HARVESTED",TOTAL,NOT SPECIFIED,"3,500,000",
SURVEY,2016,YEAR,,STATE,MISSOURI,29,,,,,,,0,,CORN,"CORN, GRAIN - YIELD, MEASURED IN BU / ACRE",TOTAL,NOT SPECIFIED,163,
SURVEY,2016,YEAR,,STATE,MISSOURI,29,,,,,,,0,,CORN,"CORN, SILAGE - ACRES HARVESTED",TOTAL,NOT SPECIFIED,"80,000",
SURVEY,2016,YEAR,,STATE,MISSOURI,29,,,,,,,0,,CORN,"CORN, SILAGE - YIELD, MEASURED IN TONS / ACRE",TOTAL,NOT SPECIFIED,15,
SURVEY,2016,YEAR,,STATE,OHIO,39,,,,,,,0,,CORN,CORN - ACRES PLANTED,TOTAL,NOT SPECIFIED,"3,550,000",
SURVEY,2016,YEAR,,STATE,OHIO,39,,,,,,,0,,CORN,"CORN, BIOTECH - AREA PLANTED, MEASURED IN PCT BY TYPE",TOTAL,NOT SPECIFIED,86,
SURVEY,2016,YEAR,,STATE,OHIO,39,,,,,,,0,,CORN,"CORN, BIOTECH, BT - AREA PLANTED, MEASURED IN PCT BY TYPE",TOTAL,NOT SPECIFIED,2,
SURVEY,2016,YEAR,,STATE,OHIO,39,,,,,,,0,,CORN,"CORN, BIOTECH, HERBICIDE RESISTANT - AREA PLANTED, MEASURED IN PCT BY TYPE",TOTAL,NOT SPECIFIED,18,
SURVEY,2016,YEAR,,STATE,OHIO,39,,,,,,,0,,CORN,"CORN, BIOTECH, STACKED GENE - AREA PLANTED, MEASURED IN PCT BY TYPE",TOTAL,NOT SPECIFIED,66,
SURVEY,2016,YEAR,,STATE,OHIO,39,,,,,,,0,,CORN,"CORN, GRAIN - ACRES HARVESTED",TOTAL,NOT SPECIFIED,"3,300,000",
SURVEY,2016,YEAR,,STATE,OHIO,39,,,,,,,0,,CORN,"CORN, GRAIN - YIELD, MEASURED IN BU / ACRE",TOTAL,NOT SPECIFIED,159,
SURVEY,2016,YEAR,,STATE,OHIO,39,,,,,,,0,,CORN,"CORN, SILAGE - ACRES HARVESTED",TOTAL,NOT SPECIFIED,"210,000",
SURVEY,2016,YEAR,,STATE,OHIO,39,,,,,,,0,,CORN,"CORN, SILAGE - YIELD, MEASURED IN TONS / ACRE",TOTAL,NOT SPECIFIED,15.5,
SURVEY,2016,YEAR,,STATE,VIRGINIA,51,,,,,,,0,,CORN,CORN - ACRES PLANTED,TOTAL,NOT SPECIFIED,"490,000",
SURVEY,2016,YEAR,,STATE,VIRGINIA,51,,,,,,,0,,CORN,"CORN, GRAIN - ACRES HARVESTED",TOTAL,NOT SPECIFIED,"340,000",
SURVEY,2016,YEAR,,STATE,VIRGINIA,51,,,,,,,0,,CORN,"CORN, GRAIN - YIELD, MEASURED IN BU / ACRE",TOTAL,NOT SPECIFIED,148,
SURVEY,2016,YEAR,,STATE,VIRGINIA,51,,,,,,,0,,CORN,"CORN, SILAGE - ACRES HARVESTED",TOTAL,NOT SPECIFIED,"130,000",
SURVEY,2016,YEAR,,STATE,VIRGINIA,51,,,,,,,0,,CORN,"CORN, SILAGE - YIELD, MEASURED IN TONS / ACRE",TOTAL,NOT SPECIFIED,20,
SURVEY,2016,YEAR,,STATE,WISCONSIN,55,,,,,,,0,,CORN,CORN - ACRES PLANTED,TOTAL,NOT SPECIFIED,"4,050,000",
SURVEY,2016,YEAR,,STATE,WISCONSIN,55,,,,,,,0,,CORN,"CORN, BIOTECH - AREA PLANTED, MEASURED IN PCT BY TYPE",TOTAL,NOT SPECIFIED,90,
SURVEY,2016,YEAR,,STATE,WISCONSIN,55,,,,,,,0,,CORN,"CORN, BIOTECH, BT - AREA PLANTED, MEASURED IN PCT BY TYPE",TOTAL,NOT SPECIFIED,3,
SURVEY,2016,YEAR,,STATE,WISCONSIN,55,,,,,,,0,,CORN,"CORN, BIOTECH, HERBICIDE RESISTANT - AREA PLANTED, MEASURED IN PCT BY TYPE",TOTAL,NOT SPECIFIED,17,
SURVEY,2016,YEAR,,STATE,WISCONSIN,55,,,,,,,0,,CORN,"CORN, BIOTECH, STACKED GENE - AREA PLANTED, MEASURED IN PCT BY TYPE",TOTAL,NOT SPECIFIED,70,
SURVEY,2016,YEAR,,STATE,WISCONSIN,55,,,,,,,0,,CORN,"CORN, GRAIN - ACRES HARVESTED",TOTAL,NOT SPECIFIED,"3,220,000",
SURVEY,2016,YEAR,,STATE,WISCONSIN,55,,,,,,,0,,CORN,"CORN, GRAIN - YIELD, MEASURED IN BU / ACRE",TOTAL,NOT SPECIFIED,178,
SURVEY,2016,YEAR,,STATE,WISCONSIN,55,,,,,,,0,,CORN,"CORN, SILAGE - ACRES HARVESTED",TOTAL,NOT SPECIFIED,"790,000",
SURVEY,2016,YEAR,,STATE,WISCONSIN,55,,,,,,,0,,CORN,"CORN, SILAGE - YIELD, MEASURED IN TONS / ACRE",TOTAL,NOT SPECIFIED,21,
SURVEY,2015,YEAR,,STATE,KANSAS,20,,,,,,,0,,CORN,CORN - ACRES PLANTED,TOTAL,NOT SPECIFIED,"4,150,000",
SURVEY,2015,YEAR,,STATE,KANSAS,20,,,,,,,0,,CORN,"CORN, BIOTECH - AREA PLANTED, MEASURED IN PCT BY TYPE",TOTAL,NOT SPECIFIED,95,
SURVEY,2015,YEAR,,STATE,KANSAS,20,,,,,,,0,,CORN,"CORN, BIOTECH, BT - AREA PLANTED, MEASURED IN PCT BY TYPE",TOTAL,NOT SPECIFIED,4,
SURVEY,2015,YEAR,,STATE,KANSAS,20,,,,,,,0,,CORN,"CORN, BIOTECH, HERBICIDE RESISTANT - AREA PLANTED, MEASURED IN PCT BY TYPE",TOTAL,NOT SPECIFIED,12,
SURVEY,2015,YEAR,,STATE,KANSAS,20,,,,,,,0,,CORN,"CORN, BIOTECH, STACKED GENE - AREA PLANTED, MEASURED IN PCT BY TYPE",TOTAL,NOT SPECIFIED,79,
SURVEY,2015,YEAR,,STATE,KANSAS,20,,,,,,,0,,CORN,"CORN, GRAIN - ACRES HARVESTED",TOTAL,NOT SPECIFIED,"3,920,000",
SURVEY,2015,YEAR,,STATE,KANSAS,20,,,,,,,0,,CORN,"CORN, GRAIN - YIELD, MEASURED IN BU / ACRE",TOTAL,NOT SPECIFIED,148,
SURVEY,2015,YEAR,,STATE,KANSAS,20,,,,,,,0,,CORN,"CORN, GRAIN, IRRIGATED - ACRES HARVESTED",TOTAL,NOT SPECIFIED,"1,402,000",
SURVEY,2015,YEAR,,STATE,KANSAS,20,,,,,,,0,,CORN,"CORN, GRAIN, IRRIGATED - YIELD, MEASURED IN BU / ACRE",TOTAL,NOT SPECIFIED,206.4,
SURVEY,2015,YEAR,,STATE,KANSAS,20,,,,,,,0,,CORN,"CORN, GRAIN, NON-IRRIGATED - ACRES HARVESTED",TOTAL,NOT SPECIFIED,"2,518,000",
SURVEY,2015,YEAR,,STATE,KANSAS,20,,,,,,,0,,CORN,"CORN, GRAIN, NON-IRRIGATED - YIELD, MEASURED IN BU / ACRE",TOTAL,NOT SPECIFIED,115.5,
SURVEY,2015,YEAR,,STATE,KANSAS,20,,,,,,,0,,CORN,"CORN, IRRIGATED - ACRES PLANTED",TOTAL,NOT SPECIFIED,"1,495,000",
SURVEY,2015,YEAR,,STATE,KANSAS,20,,,,,,,0,,CORN,"CORN, NON-IRRIGATED - ACRES PLANTED",TOTAL,NOT SPECIFIED,"2,655,000",
SURVEY,2015,YEAR,,STATE,KANSAS,20,,,,,,,0,,CORN,"CORN, SILAGE - ACRES HARVESTED",TOTAL,NOT SPECIFIED,"170,000",
SURVEY,2015,YEAR,,STATE,KANSAS,20,,,,,,,0,,CORN,"CORN, SILAGE - YIELD, MEASURED IN TONS / ACRE",TOTAL,NOT SPECIFIED,18.5,
SURVEY,2015,YEAR,,STATE,MISSOURI,29,,,,,,,0,,CORN,CORN - ACRES PLANTED,TOTAL,NOT SPECIFIED,"3,250,000",
SURVEY,2015,YEAR,,STATE,MISSOURI,29,,,,,,,0,,CORN,"CORN, BIOTECH - AREA PLANTED, MEASURED IN PCT BY TYPE",TOTAL,NOT SPECIFIED,89,
SURVEY,2015,YEAR,,STATE,MISSOURI,29,,,,,,,0,,CORN,"CORN, BIOTECH, BT - AREA PLANTED, MEASURED IN PCT BY TYPE",TOTAL,NOT SPECIFIED,5,
SURVEY,2015,YEAR,,STATE,MISSOURI,29,,,,,,,0,,CORN,"CORN, BIOTECH, HERBICIDE RESISTANT - AREA PLANTED, MEASURED IN PCT BY TYPE",TOTAL,NOT SPECIFIED,9,
SURVEY,2015,YEAR,,STATE,MISSOURI,29,,,,,,,0,,CORN,"CORN, BIOTECH, STACKED GENE - AREA PLANTED, MEASURED IN PCT BY TYPE",TOTAL,NOT SPECIFIED,75,
SURVEY,2015,YEAR,,STATE,MISSOURI,29,,,,,,,0,,CORN,"CORN, GRAIN - ACRES HARVESTED",TOTAL,NOT SPECIFIED,"3,080,000",
SURVEY,2015,YEAR,,STATE,MISSOURI,29,,,,,,,0,,CORN,"CORN, GRAIN - YIELD, MEASURED IN BU / ACRE",TOTAL,NOT SPECIFIED,142,
SURVEY,2015,YEAR,,STATE,MISSOURI,29,,,,,,,0,,CORN,"CORN, SILAGE - ACRES HARVESTED",TOTAL,NOT SPECIFIED,"100,000",
SURVEY,2015,YEAR,,STATE,MISSOURI,29,,,,,,,0,,CORN,"CORN, SILAGE - YIELD, MEASURED IN TONS / ACRE",TOTAL,NOT SPECIFIED,14,
SURVEY,2015,YEAR,,STATE,OHIO,39,,,,,,,0,,CORN,CORN - ACRES PLANTED,TOTAL,NOT SPECIFIED,"3,550,000",
SURVEY,2015,YEAR,,STATE,OHIO,39,,,,,,,0,,CORN,"CORN, BIOTECH - AREA PLANTED, MEASURED IN PCT BY TYPE",TOTAL,NOT SPECIFIED,85,
SURVEY,2015,YEAR,,STATE,OHIO,39,,,,,,,0,,CORN,"CORN, BIOTECH, BT - AREA PLANTED, MEASURED IN PCT BY TYPE",TOTAL,NOT SPECIFIED,3,
SURVEY,2015,YEAR,,STATE,OHIO,39,,,,,,,0,,CORN,"CORN, BIOTECH, HERBICIDE RESISTANT - AREA PLANTED, MEASURED IN PCT BY TYPE",TOTAL,NOT SPECIFIED,14,
SURVEY,2015,YEAR,,STATE,OHIO,39,,,,,,,0,,CORN,"CORN, BIOTECH, STACKED GENE - AREA PLANTED, MEASURED IN PCT BY TYPE",TOTAL,NOT SPECIFIED,68,
SURVEY,2015,YEAR,,STATE,OHIO,39,,,,,,,0,,CORN,"CORN, GRAIN - ACRES HARVESTED",TOTAL,NOT SPECIFIED,"3,260,000",
SURVEY,2015,YEAR,,STATE,OHIO,39,,,,,,,0,,CORN,"CORN, GRAIN - YIELD, MEASURED IN BU / ACRE",TOTAL,NOT SPECIFIED,153,
SURVEY,2015,YEAR,,STATE,OHIO,39,,,,,,,0,,CORN,"CORN, SILAGE - ACRES HARVESTED",TOTAL,NOT SPECIFIED,"240,000",
SURVEY,2015,YEAR,,STATE,OHIO,39,,,,,,,0,,CORN,"CORN, SILAGE - YIELD, MEASURED IN TONS / ACRE",TOTAL,NOT SPECIFIED,20,
SURVEY,2015,YEAR,,STATE,VIRGINIA,51,,,,,,,0,,CORN,CORN - ACRES PLANTED,TOTAL,NOT SPECIFIED,"450,000",
SURVEY,2015,YEAR,,STATE,VIRGINIA,51,,,,,,,0,,CORN,"CORN, GRAIN - ACRES HARVESTED",TOTAL,NOT SPECIFIED,"300,000",
SURVEY,2015,YEAR,,STATE,VIRGINIA,51,,,,,,,0,,CORN,"CORN, GRAIN - YIELD, MEASURED IN BU / ACRE",TOTAL,NOT SPECIFIED,161,
SURVEY,2015,YEAR,,STATE,VIRGINIA,51,,,,,,,0,,CORN,"CORN, SILAGE - ACRES HARVESTED",TOTAL,NOT SPECIFIED,"125,000",
SURVEY,2015,YEAR,,STATE,VIRGINIA,51,,,,,,,0,,CORN,"CORN, SILAGE - YIELD, MEASURED IN TONS / ACRE",TOTAL,NOT SPECIFIED,21,
SURVEY,2015,YEAR,,STATE,WISCONSIN,55,,,,,,,0,,CORN,CORN - ACRES PLANTED,TOTAL,NOT SPECIFIED,"4,000,000",
SURVEY,2015,YEAR,,STATE,WISCONSIN,55,,,,,,,0,,CORN,"CORN, BIOTECH - AREA PLANTED, MEASURED IN PCT BY TYPE",TOTAL,NOT SPECIFIED,92,
SURVEY,2015,YEAR,,STATE,WISCONSIN,55,,,,,,,0,,CORN,"CORN, BIOTECH, BT - AREA PLANTED, MEASURED IN PCT BY TYPE",TOTAL,NOT SPECIFIED,3,
SURVEY,2015,YEAR,,STATE,WISCONSIN,55,,,,,,,0,,CORN,"CORN, BIOTECH, HERBICIDE RESISTANT - AREA PLANTED, MEASURED IN PCT BY TYPE",TOTAL,NOT SPECIFIED,19,
SURVEY,2015,YEAR,,STATE,WISCONSIN,55,,,,,,,0,,CORN,"CORN, BIOTECH, STACKED GENE - AREA PLANTED, MEASURED IN PCT BY TYPE",TOTAL,NOT SPECIFIED,70,
SURVEY,2015,YEAR,,STATE,WISCONSIN,55,,,,,,,0,,CORN,"CORN, GRAIN - ACRES HARVESTED",TOTAL,NOT SPECIFIED,"3,000,000",
SURVEY,2015,YEAR,,STATE,WISCONSIN,55,,,,,,,0,,CORN,"CORN, GRAIN - YIELD, MEASURED IN BU / ACRE",TOTAL,NOT SPECIFIED,164,
SURVEY,2015,YEAR,,STATE,WISCONSIN,55,,,,,,,0,,CORN,"CORN, SILAGE - ACRES HARVESTED",TOTAL,NOT SPECIFIED,"970,000",
SURVEY,2015,YEAR,,STATE,WISCONSIN,55,,,,,,,0,,CORN,"CORN, SILAGE - YIELD, MEASURED IN TONS / ACRE",TOTAL,NOT SPECIFIED,19.5,
SURVEY,2014,YEAR,,STATE,KANSAS,20,,,,,,,0,,CORN,CORN - ACRES PLANTED,TOTAL,NOT SPECIFIED,"4,050,000",
SURVEY,2014,YEAR,,STATE,KANSAS,20,,,,,,,0,,CORN,"CORN, BIOTECH - AREA PLANTED, MEASURED IN PCT BY TYPE",TOTAL,NOT SPECIFIED,95,
SURVEY,2014,YEAR,,STATE,KANSAS,20,,,,,,,0,,CORN,"CORN, BIOTECH, BT - AREA PLANTED, MEASURED IN PCT BY TYPE",TOTAL,NOT SPECIFIED,5,
SURVEY,2014,YEAR,,STATE,KANSAS,20,,,,,,,0,,CORN,"CORN, BIOTECH, HERBICIDE RESISTANT - AREA PLANTED, MEASURED IN PCT BY TYPE",TOTAL,NOT SPECIFIED,18,
SURVEY,2014,YEAR,,STATE,KANSAS,20,,,,,,,0,,CORN,"CORN, BIOTECH, STACKED GENE - AREA PLANTED, MEASURED IN PCT BY TYPE",TOTAL,NOT SPECIFIED,72,
SURVEY,2014,YEAR,,STATE,KANSAS,20,,,,,,,0,,CORN,"CORN, GRAIN - ACRES HARVESTED",TOTAL,NOT SPECIFIED,"3,800,000",
SURVEY,2014,YEAR,,STATE,KANSAS,20,,,,,,,0,,CORN,"CORN, GRAIN - YIELD, MEASURED IN BU / ACRE",TOTAL,NOT SPECIFIED,149,
SURVEY,2014,YEAR,,STATE,KANSAS,20,,,,,,,0,,CORN,"CORN, GRAIN, IRRIGATED - ACRES HARVESTED",TOTAL,NOT SPECIFIED,"1,394,000",
SURVEY,2014,YEAR,,STATE,KANSAS,20,,,,,,,0,,CORN,"CORN, GRAIN, IRRIGATED - YIELD, MEASURED IN BU / ACRE",TOTAL,NOT SPECIFIED,196,
SURVEY,2014,YEAR,,STATE,KANSAS,20,,,,,,,0,,CORN,"CORN, GRAIN, NON-IRRIGATED - ACRES HARVESTED",TOTAL,NOT SPECIFIED,"2,406,000",
SURVEY,2014,YEAR,,STATE,KANSAS,20,,,,,,,0,,CORN,"CORN, GRAIN, NON-IRRIGATED - YIELD, MEASURED IN BU / ACRE",TOTAL,NOT SPECIFIED,121.8,
SURVEY,2014,YEAR,,STATE,KANSAS,20,,,,,,,0,,CORN,"CORN, IRRIGATED - ACRES PLANTED",TOTAL,NOT SPECIFIED,"1,500,000",
SURVEY,2014,YEAR,,STATE,KANSAS,20,,,,,,,0,,CORN,"CORN, NON-IRRIGATED - ACRES PLANTED",TOTAL,NOT SPECIFIED,"2,550,000",
SURVEY,2014,YEAR,,STATE,KANSAS,20,,,,,,,0,,CORN,"CORN, SILAGE - ACRES HARVESTED",TOTAL,NOT SPECIFIED,"150,000",
SURVEY,2014,YEAR,,STATE,KANSAS,20,,,,,,,0,,CORN,"CORN, SILAGE - YIELD, MEASURED IN TONS / ACRE",TOTAL,NOT SPECIFIED,14,
SURVEY,2014,YEAR,,STATE,MISSOURI,29,,,,,,,0,,CORN,CORN - ACRES PLANTED,TOTAL,NOT SPECIFIED,"3,500,000",
SURVEY,2014,YEAR,,STATE,MISSOURI,29,,,,,,,0,,CORN,"CORN, BIOTECH - AREA PLANTED, MEASURED IN PCT BY TYPE",TOTAL,NOT SPECIFIED,93,
SURVEY,2014,YEAR,,STATE,MISSOURI,29,,,,,,,0,,CORN,"CORN, BIOTECH, BT - AREA PLANTED, MEASURED IN PCT BY TYPE",TOTAL,NOT SPECIFIED,4,
SURVEY,2014,YEAR,,STATE,MISSOURI,29,,,,,,,0,,CORN,"CORN, BIOTECH, HERBICIDE RESISTANT - AREA PLANTED, MEASURED IN PCT BY TYPE",TOTAL,NOT SPECIFIED,10,
SURVEY,2014,YEAR,,STATE,MISSOURI,29,,,,,,,0,,CORN,"CORN, BIOTECH, STACKED GENE - AREA PLANTED, MEASURED IN PCT BY TYPE",TOTAL,NOT SPECIFIED,79,
SURVEY,2014,YEAR,,STATE,MISSOURI,29,,,,,,,0,,CORN,"CORN, GRAIN - ACRES HARVESTED",TOTAL,NOT SPECIFIED,"3,380,000",
SURVEY,2014,YEAR,,STATE,MISSOURI,29,,,,,,,0,,CORN,"CORN, GRAIN - YIELD, MEASURED IN BU / ACRE",TOTAL,NOT SPECIFIED,186,
SURVEY,2014,YEAR,,STATE,MISSOURI,29,,,,,,,0,,CORN,"CORN, SILAGE - ACRES HARVESTED",TOTAL,NOT SPECIFIED,"80,000",
SURVEY,2014,YEAR,,STATE,MISSOURI,29,,,,,,,0,,CORN,"CORN, SILAGE - YIELD, MEASURED IN TONS / ACRE",TOTAL,NOT SPECIFIED,18,
SURVEY,2014,YEAR,,STATE,OHIO,39,,,,,,,0,,CORN,CORN - ACRES PLANTED,TOTAL,NOT SPECIFIED,"3,700,000",
SURVEY,2014,YEAR,,STATE,OHIO,39,,,,,,,0,,CORN,"CORN, BIOTECH - AREA PLANTED, MEASURED IN PCT BY TYPE",TOTAL,NOT SPECIFIED,86,
SURVEY,2014,YEAR,,STATE,OHIO,39,,,,,,,0,,CORN,"CORN, BIOTECH, BT - AREA PLANTED, MEASURED IN PCT BY TYPE",TOTAL,NOT SPECIFIED,3,
SURVEY,2014,YEAR,,STATE,OHIO,39,,,,,,,0,,CORN,"CORN, BIOTECH, HERBICIDE RESISTANT - AREA PLANTED, MEASURED IN PCT BY TYPE",TOTAL,NOT SPECIFIED,14,
SURVEY,2014,YEAR,,STATE,OHIO,39,,,,,,,0,,CORN,"CORN, BIOTECH, STACKED GENE - AREA PLANTED, MEASURED IN PCT BY TYPE",TOTAL,NOT SPECIFIED,69,
SURVEY,2014,YEAR,,STATE,OHIO,39,,,,,,,0,,CORN,"CORN, GRAIN - ACRES HARVESTED",TOTAL,NOT SPECIFIED,"3,480,000",
SURVEY,2014,YEAR,,STATE,OHIO,39,,,,,,,0,,CORN,"CORN, GRAIN - YIELD, MEASURED IN BU / ACRE",TOTAL,NOT SPECIFIED,176,
SURVEY,2014,YEAR,,STATE,OHIO,39,,,,,,,0,,CORN,"CORN, SILAGE - ACRES HARVESTED",TOTAL,NOT SPECIFIED,"180,000",
SURVEY,2014,YEAR,,STATE,OHIO,39,,,,,,,0,,CORN,"CORN, SILAGE - YIELD, MEASURED IN TONS / ACRE",TOTAL,NOT SPECIFIED,20.5,
SURVEY,2014,YEAR,,STATE,VIRGINIA,51,,,,,,,0,,CORN,CORN - ACRES PLANTED,TOTAL,NOT SPECIFIED,"500,000",
SURVEY,2014,YEAR,,STATE,VIRGINIA,51,,,,,,,0,,CORN,"CORN, GRAIN - ACRES HARVESTED",TOTAL,NOT SPECIFIED,"350,000",
SURVEY,2014,YEAR,,STATE,VIRGINIA,51,,,,,,,0,,CORN,"CORN, GRAIN - YIELD, MEASURED IN BU / ACRE",TOTAL,NOT SPECIFIED,145,
SURVEY,2014,YEAR,,STATE,VIRGINIA,51,,,,,,,0,,CORN,"CORN, SILAGE - ACRES HARVESTED",TOTAL,NOT SPECIFIED,"125,000",
SURVEY,2014,YEAR,,STATE,VIRGINIA,51,,,,,,,0,,CORN,"CORN, SILAGE - YIELD, MEASURED IN TONS / ACRE",TOTAL,NOT SPECIFIED,19.5,
SURVEY,2014,YEAR,,STATE,WISCONSIN,55,,,,,,,0,,CORN,CORN - ACRES PLANTED,TOTAL,NOT SPECIFIED,"4,000,000",
SURVEY,2014,YEAR,,STATE,WISCONSIN,55,,,,,,,0,,CORN,"CORN, BIOTECH - AREA PLANTED, MEASURED IN PCT BY TYPE",TOTAL,NOT SPECIFIED,92,
SURVEY,2014,YEAR,,STATE,WISCONSIN,55,,,,,,,0,,CORN,"CORN, BIOTECH, BT - AREA PLANTED, MEASURED IN PCT BY TYPE",TOTAL,NOT SPECIFIED,3,
SURVEY,2014,YEAR,,STATE,WISCONSIN,55,,,,,,,0,,CORN,"CORN, BIOTECH, HERBICIDE RESISTANT - AREA PLANTED, MEASURED IN PCT BY TYPE",TOTAL,NOT SPECIFIED,17,
SURVEY,2014,YEAR,,STATE,WISCONSIN,55,,,,,,,0,,CORN,"CORN, BIOTECH, STACKED GENE - AREA PLANTED, MEASURED IN PCT BY TYPE",TOTAL,NOT SPECIFIED,72,
SURVEY,2014,YEAR,,STATE,WISCONSIN,55,,,,,,,0,,CORN,"CORN, GRAIN - ACRES HARVESTED",TOTAL,NOT SPECIFIED,"3,110,000",
SURVEY,2014,YEAR,,STATE,WISCONSIN,55,,,,,,,0,,CORN,"CORN, GRAIN - YIELD, MEASURED IN BU / ACRE",TOTAL,NOT SPECIFIED,156,
SURVEY,2014,YEAR,,STATE,WISCONSIN,55,,,,,,,0,,CORN,"CORN, SILAGE - ACRES HARVESTED",TOTAL,NOT SPECIFIED,"850,000",
SURVEY,2014,YEAR,,STATE,WISCONSIN,55,,,,,,,0,,CORN,"CORN, SILAGE - YIELD, MEASURED IN TONS / ACRE",TOTAL,NOT SPECIFIED,18.5,
